pm_sensor,pm_ten,pm_two_five,pm_zero_one,pm_date,pm_time
AQ801PM01,36,28,39,2023-04-14,15:58:58
AQ802PM01,10,48,45,2023-04-05,15:23:23
AQ803PM01,13,37,36,2023-05-23,17:14:42
AQ804PM01,32,14,40,2023-04-10,09:33:19
AQ805PM01,24,6,35,2023-05-26,12:02:51
AQ806PM01,27,29,51,2023-03-28,11:21:21
AQ807PM01,29,42,51,2023-03-13,13:08:01
AQ808PM01,8,56,37,2023-02-08,15:39:15
AQ809PM01,39,12,9,2023-03-13,08:45:37
AQ810PM01,29,40,29,2023-01-19,10:18:20
AQ811PM01,13,48,39,2023-03-04,15:08:23
AQ801PM01,8,55,42,2023-03-27,16:22:24
AQ802PM01,38,44,51,2023-02-18,10:57:06
AQ803PM01,38,65,50,2023-01-23,17:04:16
AQ804PM01,5,47,29,2023-02-12,07:51:26
AQ805PM01,36,24,22,2023-01-22,13:28:27
AQ806PM01,29,19,41,2023-03-11,12:31:46
AQ807PM01,24,61,43,2023-05-03,17:22:03
AQ808PM01,39,47,33,2023-01-07,17:59:11
AQ809PM01,43,26,47,2023-01-06,11:36:14
AQ810PM01,20,14,6,2023-04-06,12:43:33
AQ811PM01,19,46,27,2023-03-13,17:40:16
AQ801PM01,37,5,52,2023-06-12,13:28:41
AQ802PM01,43,32,18,2023-04-01,16:43:09
AQ803PM01,18,17,45,2023-06-11,16:49:53
AQ804PM01,29,38,16,2023-02-10,12:34:21
AQ805PM01,24,33,27,2023-04-28,16:38:40
AQ806PM01,38,19,38,2023-01-10,09:01:50
AQ807PM01,20,64,17,2023-01-02,09:02:01
AQ808PM01,43,52,52,2023-05-13,09:14:30
AQ809PM01,12,37,21,2023-03-09,14:31:00
AQ810PM01,35,32,32,2023-03-14,07:33:13
AQ811PM01,24,32,43,2023-05-17,15:38:33
AQ801PM01,30,23,22,2023-03-30,17:32:12
AQ802PM01,39,22,24,2023-01-13,15:24:38
AQ803PM01,42,20,28,2023-04-02,07:30:32
AQ804PM01,43,13,25,2023-06-11,15:56:54
AQ805PM01,30,61,24,2023-02-01,08:09:44
AQ806PM01,17,9,5,2023-03-29,09:16:26
AQ807PM01,16,52,23,2023-03-31,16:07:37
AQ808PM01,20,23,50,2023-04-19,10:59:09
AQ809PM01,24,46,37,2023-05-18,13:00:18
AQ810PM01,26,60,51,2023-04-28,18:49:02
AQ811PM01,31,36,44,2023-02-24,16:42:29
AQ801PM01,18,38,32,2023-05-19,15:51:22
AQ802PM01,22,6,37,2023-04-01,10:15:11
AQ803PM01,24,57,12,2023-04-10,13:35:19
AQ804PM01,30,6,35,2023-01-20,12:07:09
AQ805PM01,15,31,30,2023-05-27,10:52:53
AQ806PM01,18,38,33,2023-05-13,14:17:34
AQ807PM01,21,18,13,2023-02-28,07:18:43
AQ808PM01,7,53,43,2023-02-13,17:50:50
AQ809PM01,27,46,17,2023-03-07,18:41:10
AQ810PM01,22,48,45,2023-02-14,18:00:14
AQ811PM01,14,23,46,2023-05-10,16:00:34
AQ801PM01,15,44,51,2023-03-11,07:07:53
AQ802PM01,6,36,29,2023-03-03,13:05:55
AQ803PM01,21,21,42,2023-05-14,16:42:46
AQ804PM01,37,39,20,2023-02-13,17:42:15
AQ805PM01,6,58,33,2023-03-08,07:07:36
AQ806PM01,8,42,33,2023-05-09,14:52:35
AQ807PM01,15,63,9,2023-02-11,08:15:04
AQ808PM01,17,60,9,2023-05-06,14:42:15
AQ809PM01,36,29,33,2023-02-27,09:54:12
AQ810PM01,22,32,26,2023-02-26,17:01:53
AQ811PM01,37,15,34,2023-04-20,18:01:42
AQ801PM01,32,62,35,2023-02-18,10:01:02
AQ802PM01,26,10,48,2023-02-13,13:05:27
AQ803PM01,34,13,6,2023-05-18,08:36:11
AQ804PM01,29,22,38,2023-02-12,11:38:55
AQ805PM01,9,60,19,2023-04-24,08:46:37
AQ806PM01,14,31,34,2023-01-09,14:52:09
AQ807PM01,14,29,52,2023-05-04,15:04:01
AQ808PM01,42,17,49,2023-04-15,07:10:37
AQ809PM01,32,50,20,2023-02-08,12:41:32
AQ810PM01,20,65,32,2023-04-30,18:19:40
AQ811PM01,33,65,37,2023-06-07,15:17:27
AQ801PM01,18,44,5,2023-01-27,16:42:09
AQ802PM01,33,40,20,2023-04-18,16:21:49
AQ803PM01,27,17,13,2023-04-14,13:12:08
AQ804PM01,10,52,12,2023-02-27,07:01:58
AQ805PM01,42,33,7,2023-03-31,12:28:44
AQ806PM01,21,37,6,2023-05-06,10:42:53
AQ807PM01,15,62,53,2023-02-17,16:00:02
AQ808PM01,9,49,34,2023-02-08,15:50:32
AQ809PM01,33,13,50,2023-06-02,14:44:25
AQ810PM01,41,41,37,2023-05-07,08:58:54
AQ811PM01,14,41,22,2023-05-11,07:10:13
AQ801PM01,37,7,35,2023-04-24,12:11:23
AQ802PM01,42,50,19,2023-03-12,09:19:04
AQ803PM01,15,7,24,2023-01-31,10:11:43
AQ804PM01,11,52,5,2023-03-16,13:49:36
AQ805PM01,17,35,18,2023-02-08,15:23:22
AQ806PM01,22,16,21,2023-04-28,15:34:03
AQ807PM01,21,56,32,2023-01-25,10:05:53
AQ808PM01,27,27,30,2023-03-20,07:40:41
AQ809PM01,32,29,19,2023-05-21,12:42:04
AQ810PM01,31,14,28,2023-01-28,08:58:43
AQ811PM01,32,57,45,2023-06-04,08:56:55
AQ801PM01,16,19,27,2023-01-05,13:48:49
AQ802PM01,5,27,41,2023-05-14,13:30:58
AQ803PM01,14,23,37,2023-05-08,11:39:50
AQ804PM01,9,17,33,2023-06-03,16:35:36
AQ805PM01,38,33,50,2023-05-11,15:57:09
AQ806PM01,39,36,25,2023-05-25,17:30:22
AQ807PM01,20,31,26,2023-02-16,13:21:06
AQ808PM01,9,64,11,2023-06-03,08:55:14
AQ809PM01,26,10,7,2023-01-08,17:15:08
AQ810PM01,28,6,43,2023-03-31,12:16:36
AQ811PM01,25,56,32,2023-02-05,07:07:29
AQ801PM01,10,53,25,2023-02-26,15:45:37
AQ802PM01,16,24,44,2023-04-05,12:46:54
AQ803PM01,36,21,6,2023-01-31,17:14:37
AQ804PM01,13,16,8,2023-05-31,15:36:48
AQ805PM01,22,50,27,2023-01-21,10:47:11
AQ806PM01,12,32,25,2023-01-23,11:52:06
AQ807PM01,15,65,10,2023-03-14,13:53:29
AQ808PM01,30,13,17,2023-05-31,10:05:53
AQ809PM01,22,46,44,2023-06-04,12:50:46
AQ810PM01,31,42,50,2023-03-02,13:02:18
AQ811PM01,8,61,25,2023-06-11,15:10:18
AQ801PM01,16,46,25,2023-04-27,16:50:38
AQ802PM01,16,54,28,2023-04-09,13:42:30
AQ803PM01,24,13,10,2023-01-06,10:54:00
AQ804PM01,7,31,15,2023-03-28,07:42:51
AQ805PM01,29,29,36,2023-02-21,10:37:27
AQ806PM01,42,15,8,2023-02-02,12:05:49
AQ807PM01,5,11,49,2023-05-24,14:57:29
AQ808PM01,12,62,15,2023-03-07,18:18:56
AQ809PM01,6,11,30,2023-04-03,13:00:28
AQ810PM01,17,65,52,2023-01-03,11:29:53
AQ811PM01,30,40,32,2023-05-03,14:30:23
AQ801PM01,6,20,15,2023-04-10,11:40:32
AQ802PM01,13,39,36,2023-05-02,11:16:01
AQ803PM01,33,24,13,2023-05-25,11:38:26
AQ804PM01,29,10,46,2023-01-26,10:21:04
AQ805PM01,34,15,27,2023-06-07,07:18:10
AQ806PM01,18,53,46,2023-03-21,10:57:42
AQ807PM01,40,59,23,2023-05-07,11:07:01
AQ808PM01,40,13,23,2023-05-23,14:38:39
AQ809PM01,38,13,25,2023-03-04,07:09:34
AQ810PM01,15,30,5,2023-02-02,07:39:47
AQ811PM01,24,39,28,2023-05-29,18:54:26
AQ801PM01,26,42,37,2023-04-30,09:52:43
AQ802PM01,10,32,13,2023-04-27,15:26:45
AQ803PM01,16,59,23,2023-05-17,15:16:35
AQ804PM01,33,61,43,2023-02-09,09:14:13
AQ805PM01,35,17,14,2023-03-04,17:05:54
AQ806PM01,34,57,6,2023-06-02,09:21:44
AQ807PM01,30,18,6,2023-01-05,16:05:53
AQ808PM01,5,31,13,2023-01-15,17:20:00
AQ809PM01,21,30,47,2023-06-02,14:58:45
AQ810PM01,26,41,20,2023-03-01,16:21:34
AQ811PM01,6,42,33,2023-02-20,12:10:44
AQ801PM01,16,56,49,2023-03-29,08:20:30
AQ802PM01,29,10,20,2023-02-06,12:12:58
AQ803PM01,9,19,53,2023-05-02,17:46:19
AQ804PM01,29,6,20,2023-06-01,10:30:25
AQ805PM01,27,56,44,2023-02-04,13:12:22
AQ806PM01,43,8,39,2023-03-17,11:00:46
AQ807PM01,39,29,51,2023-04-05,11:43:47
AQ808PM01,14,52,43,2023-04-05,13:30:23
AQ809PM01,36,46,48,2023-01-29,12:58:01
AQ810PM01,19,13,52,2023-03-08,08:52:41
AQ811PM01,13,34,29,2023-05-29,16:59:09
AQ801PM01,5,38,37,2023-01-14,14:44:05
AQ802PM01,19,49,52,2023-05-11,17:47:37
AQ803PM01,11,10,40,2023-05-31,11:06:24
AQ804PM01,8,23,13,2023-03-18,08:07:34
AQ805PM01,40,39,30,2023-01-11,10:50:10
AQ806PM01,35,42,33,2023-01-28,15:29:13
AQ807PM01,36,42,11,2023-03-01,12:01:20
AQ808PM01,39,10,23,2023-01-17,11:24:10
AQ809PM01,17,32,38,2023-04-21,11:18:43
AQ810PM01,6,20,5,2023-02-08,09:13:04
AQ811PM01,11,46,15,2023-05-18,16:39:14
AQ801PM01,9,13,8,2023-03-08,07:48:15
AQ802PM01,14,15,15,2023-02-16,16:16:12
AQ803PM01,5,39,51,2023-05-06,08:10:46
AQ804PM01,8,8,20,2023-03-16,17:27:25
AQ805PM01,23,59,29,2023-04-28,12:43:30
AQ806PM01,29,5,9,2023-01-20,12:07:09
AQ807PM01,15,14,9,2023-06-03,12:15:54
AQ808PM01,15,61,26,2023-05-29,10:07:19
AQ809PM01,14,37,32,2023-04-25,10:50:06
AQ810PM01,16,23,16,2023-06-10,15:33:08
AQ811PM01,37,44,42,2023-05-07,14:15:06
AQ801PM01,17,10,52,2023-01-23,13:45:05
AQ802PM01,25,22,49,2023-03-30,17:26:25
AQ803PM01,27,62,10,2023-03-24,07:55:33
AQ804PM01,17,34,9,2023-03-20,16:06:07
AQ805PM01,19,17,34,2023-01-07,16:39:35
AQ806PM01,41,45,19,2023-05-14,10:19:28
AQ807PM01,26,13,7,2023-05-13,14:35:13
AQ808PM01,8,11,51,2023-01-15,11:28:27
AQ809PM01,9,58,44,2023-01-23,08:37:15
AQ810PM01,25,10,20,2023-03-03,12:56:56
AQ811PM01,8,32,52,2023-05-01,17:02:57
AQ801PM01,27,35,18,2023-03-24,17:16:08
AQ802PM01,27,21,37,2023-02-14,10:30:36
AQ803PM01,12,24,44,2023-04-22,13:17:22
AQ804PM01,24,60,41,2023-03-05,09:55:47
AQ805PM01,33,53,33,2023-05-20,16:42:15
AQ806PM01,20,37,51,2023-03-11,07:39:17
AQ807PM01,27,35,43,2023-04-02,10:35:17
AQ808PM01,29,8,23,2023-02-22,10:16:02
AQ809PM01,29,8,53,2023-02-02,07:34:37
AQ810PM01,17,29,51,2023-03-21,09:20:17
AQ811PM01,31,26,42,2023-06-02,09:44:20
AQ801PM01,20,17,49,2023-01-10,16:44:33
AQ802PM01,5,23,7,2023-05-03,15:23:38
AQ803PM01,42,13,27,2023-05-05,14:39:41
AQ804PM01,31,39,16,2023-03-13,17:55:52
AQ805PM01,35,58,15,2023-02-09,13:22:54
AQ806PM01,12,47,18,2023-01-20,16:15:30
AQ807PM01,5,51,52,2023-02-03,12:08:30
AQ808PM01,33,56,19,2023-05-22,15:47:55
AQ809PM01,12,23,6,2023-03-19,16:25:30
AQ810PM01,40,58,35,2023-02-19,08:42:03
AQ811PM01,43,58,51,2023-06-05,12:01:37
AQ801PM01,12,40,42,2023-03-13,16:21:57
AQ802PM01,21,24,10,2023-05-23,17:05:45
AQ803PM01,22,60,30,2023-06-02,14:42:49
AQ804PM01,37,21,34,2023-04-22,08:58:07
AQ805PM01,33,38,48,2023-05-10,10:03:20
AQ806PM01,34,19,41,2023-05-06,17:10:48
AQ807PM01,34,11,13,2023-01-06,17:51:34
AQ808PM01,5,42,20,2023-05-27,10:07:27
AQ809PM01,34,28,18,2023-03-15,15:22:53
AQ810PM01,30,59,36,2023-01-26,16:55:23
AQ811PM01,20,46,9,2023-03-27,16:26:10
AQ801PM01,12,24,21,2023-04-12,17:13:33
AQ802PM01,40,60,29,2023-05-02,07:07:11
AQ803PM01,38,40,44,2023-05-02,09:53:39
AQ804PM01,24,61,45,2023-05-13,08:42:40
AQ805PM01,7,5,47,2023-02-02,15:49:50
AQ806PM01,26,49,46,2023-05-02,17:59:07
AQ807PM01,12,64,10,2023-02-26,17:01:45
AQ808PM01,20,20,8,2023-05-19,10:48:07
AQ809PM01,37,21,13,2023-06-10,08:09:14
AQ810PM01,24,55,9,2023-03-19,09:05:40
AQ811PM01,13,40,24,2023-01-09,13:46:58
AQ801PM01,28,7,16,2023-04-20,10:23:18
AQ802PM01,10,46,35,2023-01-10,09:21:18
AQ803PM01,5,51,32,2023-03-29,18:17:59
AQ804PM01,24,33,18,2023-05-17,09:17:26
AQ805PM01,15,42,35,2023-04-17,17:14:23
AQ806PM01,15,17,51,2023-05-25,07:05:47
AQ807PM01,37,14,51,2023-06-02,16:10:20
AQ808PM01,27,45,15,2023-03-31,08:56:37
AQ809PM01,17,38,26,2023-01-20,17:42:23
AQ810PM01,11,58,31,2023-01-06,14:03:18
AQ811PM01,17,37,47,2023-04-30,13:04:53
AQ801PM01,35,18,6,2023-03-17,09:00:25
AQ802PM01,28,59,5,2023-06-02,08:44:09
AQ803PM01,33,23,26,2023-04-11,10:13:51
AQ804PM01,34,17,7,2023-05-03,16:52:23
AQ805PM01,29,65,30,2023-01-25,12:08:16
AQ806PM01,38,38,37,2023-04-30,12:19:26
AQ807PM01,27,14,18,2023-04-09,13:10:43
AQ808PM01,43,42,31,2023-05-29,14:16:25
AQ809PM01,18,31,46,2023-04-05,18:17:48
AQ810PM01,16,56,31,2023-02-20,12:16:22
AQ811PM01,24,21,41,2023-05-31,13:44:10
AQ801PM01,23,30,50,2023-02-01,13:41:36
AQ802PM01,8,43,43,2023-05-15,15:01:10
AQ803PM01,29,45,6,2023-03-12,15:46:51
AQ804PM01,34,49,15,2023-03-24,09:54:58
AQ805PM01,27,62,17,2023-01-25,08:44:56
AQ806PM01,32,35,24,2023-05-19,10:13:25
AQ807PM01,43,32,6,2023-02-25,16:43:35
AQ808PM01,34,41,15,2023-05-18,10:34:42
AQ809PM01,24,56,49,2023-01-27,13:56:41
AQ810PM01,35,64,39,2023-05-09,12:11:03
AQ811PM01,27,31,41,2023-01-29,07:20:24
AQ801PM01,21,16,41,2023-05-12,10:54:27
AQ802PM01,23,50,8,2023-02-03,14:53:28
AQ803PM01,29,42,13,2023-04-08,15:00:35
AQ804PM01,8,39,50,2023-05-30,10:00:11
AQ805PM01,21,59,28,2023-05-11,08:20:39
AQ806PM01,17,63,27,2023-03-11,14:56:06
AQ807PM01,8,18,28,2023-05-24,07:09:59
AQ808PM01,7,17,37,2023-03-16,18:08:55
AQ809PM01,42,30,41,2023-01-18,17:45:34
AQ810PM01,31,33,44,2023-03-22,08:49:22
AQ811PM01,17,36,12,2023-03-25,15:08:05
AQ801PM01,27,17,11,2023-02-25,13:22:02
AQ802PM01,8,7,17,2023-01-28,17:33:28
AQ803PM01,7,53,44,2023-01-16,17:46:03
AQ804PM01,33,28,16,2023-02-18,17:35:37
AQ805PM01,18,11,16,2023-03-09,17:45:56
AQ806PM01,43,14,46,2023-03-10,11:52:02
AQ807PM01,14,7,20,2023-03-03,14:13:16
AQ808PM01,39,37,29,2023-04-17,10:02:37
AQ809PM01,38,44,11,2023-05-17,13:07:44
AQ810PM01,37,27,11,2023-03-14,10:25:01
AQ811PM01,33,59,31,2023-03-25,14:06:36
AQ801PM01,17,12,33,2023-03-12,16:35:35
AQ802PM01,10,17,26,2023-02-27,08:25:24
AQ803PM01,13,59,50,2023-02-09,13:50:34
AQ804PM01,21,32,39,2023-04-11,18:42:22
AQ805PM01,30,49,31,2023-03-29,08:42:43
AQ806PM01,14,21,24,2023-03-12,13:13:10
AQ807PM01,6,42,34,2023-02-21,15:52:54
AQ808PM01,28,57,45,2023-01-01,16:01:41
AQ809PM01,35,63,40,2023-03-13,09:02:40
AQ810PM01,24,17,36,2023-01-31,14:04:56
AQ811PM01,6,34,16,2023-04-12,15:54:43
AQ801PM01,27,32,39,2023-06-02,11:58:54
AQ802PM01,17,56,50,2023-03-24,07:35:27
AQ803PM01,13,20,48,2023-01-26,15:39:04
AQ804PM01,29,54,5,2023-03-07,07:22:43
AQ805PM01,32,51,16,2023-01-10,13:19:14
AQ806PM01,15,10,40,2023-04-21,07:41:25
AQ807PM01,32,42,29,2023-05-18,13:29:18
AQ808PM01,28,26,53,2023-01-01,18:15:56
AQ809PM01,25,11,28,2023-04-24,18:20:04
AQ810PM01,19,51,24,2023-01-12,11:30:21
AQ811PM01,37,38,20,2023-04-19,11:06:30
AQ801PM01,32,46,25,2023-01-13,07:51:47
AQ802PM01,11,59,10,2023-06-11,07:17:07
AQ803PM01,8,25,8,2023-01-16,09:18:26
AQ804PM01,16,31,28,2023-01-01,10:09:57
AQ805PM01,30,42,20,2023-01-27,10:56:46
AQ806PM01,12,36,11,2023-01-17,14:41:29
AQ807PM01,43,16,43,2023-05-15,08:44:22
AQ808PM01,20,15,7,2023-03-17,08:51:45
AQ809PM01,20,37,23,2023-04-15,13:26:44
AQ810PM01,18,28,16,2023-05-06,08:27:00
AQ811PM01,39,22,12,2023-03-27,08:46:15
AQ801PM01,24,48,47,2023-01-31,13:44:31
AQ802PM01,39,48,48,2023-02-16,13:12:05
AQ803PM01,17,23,42,2023-01-12,07:36:44
AQ804PM01,17,14,26,2023-01-16,18:20:23
AQ805PM01,26,38,50,2023-02-24,09:53:32
AQ806PM01,26,64,42,2023-01-26,16:15:14
AQ807PM01,5,27,25,2023-05-25,15:10:02
AQ808PM01,11,49,38,2023-01-07,10:27:14
AQ809PM01,36,44,9,2023-05-24,11:22:52
AQ810PM01,34,57,30,2023-04-09,16:48:39
AQ811PM01,31,29,37,2023-02-20,07:32:57
AQ801PM01,14,35,44,2023-04-08,12:43:49
AQ802PM01,25,31,20,2023-01-19,11:33:16
AQ803PM01,14,63,25,2023-04-07,17:05:11
AQ804PM01,12,34,32,2023-02-10,15:03:54
AQ805PM01,13,5,52,2023-04-12,17:24:37
AQ806PM01,27,20,27,2023-02-11,16:23:11
AQ807PM01,13,13,41,2023-03-13,09:50:14
AQ808PM01,13,24,6,2023-01-02,09:42:45
AQ809PM01,28,37,32,2023-05-30,16:48:42
AQ810PM01,9,9,21,2023-01-21,07:40:34
AQ811PM01,11,51,13,2023-02-14,11:59:44
AQ801PM01,8,11,53,2023-02-14,14:21:10
AQ802PM01,42,10,37,2023-05-26,18:48:01
AQ803PM01,16,28,35,2023-02-17,07:46:00
AQ804PM01,42,21,26,2023-05-07,15:43:37
AQ805PM01,21,58,12,2023-03-24,18:59:57
AQ806PM01,23,19,18,2023-01-29,07:47:31
AQ807PM01,9,57,23,2023-05-10,15:24:46
AQ808PM01,41,47,14,2023-04-15,18:00:56
AQ809PM01,12,37,24,2023-03-09,07:11:14
AQ810PM01,20,48,46,2023-04-03,12:35:11
AQ811PM01,7,37,40,2023-05-03,17:54:39
AQ801PM01,29,45,20,2023-05-14,14:05:15
AQ802PM01,12,59,21,2023-06-09,08:26:09
AQ803PM01,11,32,47,2023-02-24,18:33:45
AQ804PM01,9,6,15,2023-04-02,13:45:46
AQ805PM01,24,48,7,2023-01-14,10:01:08
AQ806PM01,30,20,52,2023-03-08,09:02:45
AQ807PM01,43,5,46,2023-05-22,08:25:04
AQ808PM01,8,25,27,2023-02-14,14:21:15
AQ809PM01,20,32,30,2023-06-08,16:28:46
AQ810PM01,18,63,14,2023-05-02,16:37:42
AQ811PM01,7,26,28,2023-01-27,09:06:53
AQ801PM01,18,13,51,2023-01-30,07:05:58
AQ802PM01,25,42,38,2023-04-14,13:56:01
AQ803PM01,25,60,17,2023-05-24,13:52:30
AQ804PM01,27,5,35,2023-04-02,18:35:53
AQ805PM01,11,20,39,2023-04-05,16:51:51
AQ806PM01,31,42,41,2023-03-06,08:35:28
AQ807PM01,25,50,10,2023-01-09,13:58:18
AQ808PM01,20,46,39,2023-02-06,09:10:47
AQ809PM01,38,38,53,2023-03-04,14:24:27
AQ810PM01,15,11,53,2023-05-17,15:24:33
AQ811PM01,10,14,22,2023-05-21,17:10:55
AQ801PM01,33,39,37,2023-04-14,08:52:50
AQ802PM01,32,56,13,2023-05-07,17:11:15
AQ803PM01,15,59,41,2023-01-11,08:35:05
AQ804PM01,17,53,13,2023-04-04,17:42:24
AQ805PM01,43,11,7,2023-05-23,09:55:20
AQ806PM01,12,25,47,2023-03-11,09:28:11
AQ807PM01,27,55,42,2023-01-06,08:54:42
AQ808PM01,16,6,23,2023-04-12,16:21:55
AQ809PM01,8,7,37,2023-01-19,13:25:18
AQ810PM01,29,30,33,2023-01-18,12:54:00
AQ811PM01,23,41,53,2023-05-17,12:55:46
AQ801PM01,34,19,30,2023-03-20,18:19:10
AQ802PM01,7,40,18,2023-05-13,18:37:04
AQ803PM01,7,20,7,2023-05-19,11:44:00
AQ804PM01,9,43,7,2023-01-23,10:29:49
AQ805PM01,31,58,20,2023-04-16,07:33:10
AQ806PM01,5,44,38,2023-05-27,11:36:32
AQ807PM01,21,57,52,2023-02-23,08:26:58
AQ808PM01,32,53,51,2023-01-23,18:33:20
AQ809PM01,20,28,9,2023-01-26,15:02:30
AQ810PM01,40,24,20,2023-02-27,17:45:59
AQ811PM01,39,35,48,2023-05-27,18:51:11
AQ801PM01,9,57,32,2023-05-04,12:30:56
AQ802PM01,22,21,34,2023-06-02,18:18:54
AQ803PM01,20,54,5,2023-02-25,17:15:13
AQ804PM01,25,28,42,2023-01-24,08:49:58
AQ805PM01,6,55,18,2023-05-22,10:54:46
AQ806PM01,13,26,49,2023-06-08,14:51:02
AQ807PM01,23,63,39,2023-01-26,11:16:19
AQ808PM01,28,53,49,2023-02-21,09:50:08
AQ809PM01,31,19,5,2023-03-11,10:33:36
AQ810PM01,37,32,21,2023-05-21,16:09:38
AQ811PM01,25,60,29,2023-03-09,16:43:28
AQ801PM01,7,18,34,2023-05-30,11:05:02
AQ802PM01,29,22,27,2023-01-03,18:37:58
AQ803PM01,18,58,10,2023-05-19,12:39:59
AQ804PM01,14,16,16,2023-05-28,13:28:57
AQ805PM01,31,65,29,2023-02-01,08:56:43
AQ806PM01,19,60,25,2023-04-03,17:13:00
AQ807PM01,15,7,38,2023-01-03,17:50:20
AQ808PM01,38,29,13,2023-05-19,18:44:34
AQ809PM01,25,48,38,2023-01-12,13:53:39
AQ810PM01,39,48,36,2023-03-24,13:25:43
AQ811PM01,31,14,21,2023-01-29,07:19:55
AQ801PM01,32,41,45,2023-04-24,17:30:43
AQ802PM01,40,39,37,2023-05-30,07:20:14
AQ803PM01,32,33,33,2023-01-09,08:07:54
AQ804PM01,29,12,39,2023-01-17,08:01:52
AQ805PM01,7,63,42,2023-01-25,13:27:07
AQ806PM01,14,7,27,2023-05-07,12:16:43
AQ807PM01,39,36,39,2023-01-01,17:18:00
AQ808PM01,13,59,26,2023-02-17,09:49:11
AQ809PM01,24,29,51,2023-02-26,18:05:29
AQ810PM01,30,54,38,2023-01-16,16:19:05
AQ811PM01,35,16,40,2023-05-08,16:57:24
AQ801PM01,37,21,14,2023-06-06,14:37:10
AQ802PM01,20,27,11,2023-03-02,10:32:18
AQ803PM01,39,45,26,2023-04-02,15:39:30
AQ804PM01,41,42,24,2023-01-01,11:48:54
AQ805PM01,24,61,50,2023-04-23,17:36:29
AQ806PM01,23,32,44,2023-03-24,08:58:45
AQ807PM01,13,24,25,2023-02-06,08:43:27
AQ808PM01,14,44,36,2023-01-09,09:48:40
AQ809PM01,15,50,34,2023-01-30,17:50:08
AQ810PM01,13,28,17,2023-03-15,08:28:08
AQ811PM01,12,12,39,2023-02-19,11:26:44
AQ801PM01,14,36,52,2023-05-02,13:18:12
AQ802PM01,41,9,10,2023-04-13,16:57:04
AQ803PM01,14,34,24,2023-05-18,15:28:21
AQ804PM01,41,53,11,2023-02-03,12:43:28
AQ805PM01,31,54,13,2023-06-11,15:27:47
AQ806PM01,18,45,34,2023-01-18,17:29:05
AQ807PM01,6,52,53,2023-03-24,18:11:18
AQ808PM01,29,38,52,2023-02-14,16:58:56
AQ809PM01,8,49,43,2023-02-14,18:12:23
AQ810PM01,22,51,40,2023-03-24,11:30:59
AQ811PM01,29,50,45,2023-04-26,16:03:26
AQ801PM01,30,10,18,2023-01-15,18:41:29
AQ802PM01,9,61,33,2023-02-13,07:33:16
AQ803PM01,28,24,43,2023-02-04,13:57:23
AQ804PM01,40,46,5,2023-06-01,08:42:34
AQ805PM01,22,25,17,2023-05-03,10:59:08
AQ806PM01,15,18,17,2023-02-25,17:44:50
AQ807PM01,14,38,7,2023-01-30,13:12:05
AQ808PM01,18,51,35,2023-03-17,14:26:27
AQ809PM01,16,36,31,2023-01-15,12:01:13
AQ810PM01,14,13,6,2023-03-14,08:24:30
AQ811PM01,32,5,24,2023-01-19,07:14:18
AQ801PM01,31,46,40,2023-03-29,07:17:13
AQ802PM01,7,63,51,2023-01-08,13:30:58
AQ803PM01,40,47,14,2023-03-10,12:11:50
AQ804PM01,13,51,16,2023-02-12,12:52:31
AQ805PM01,10,15,18,2023-01-19,16:32:00
AQ806PM01,5,64,10,2023-04-30,13:19:32
AQ807PM01,37,22,21,2023-04-10,09:05:10
AQ808PM01,39,61,37,2023-05-17,10:13:10
AQ809PM01,36,20,36,2023-02-20,11:52:49
AQ810PM01,12,65,39,2023-05-08,10:53:25
AQ811PM01,5,61,8,2023-04-27,12:12:19
AQ801PM01,24,24,22,2023-01-11,09:02:42
AQ802PM01,33,35,52,2023-02-11,15:28:01
AQ803PM01,29,39,45,2023-03-21,13:37:24
AQ804PM01,22,32,7,2023-01-27,08:24:36
AQ805PM01,29,19,35,2023-03-06,17:50:29
AQ806PM01,26,65,19,2023-04-24,16:21:01
AQ807PM01,13,20,40,2023-02-08,15:17:54
AQ808PM01,35,52,29,2023-04-12,13:16:08
AQ809PM01,20,49,49,2023-03-30,10:23:59
AQ810PM01,35,42,39,2023-01-02,15:25:59
AQ811PM01,27,44,43,2023-02-08,15:43:15
AQ801PM01,23,45,17,2023-06-12,13:23:56
AQ802PM01,8,12,39,2023-05-21,07:10:49
AQ803PM01,18,14,41,2023-02-01,16:02:20
AQ804PM01,29,47,33,2023-03-10,14:36:01
AQ805PM01,26,50,33,2023-05-08,07:52:15
AQ806PM01,40,39,7,2023-02-04,07:45:15
AQ807PM01,20,12,35,2023-04-25,14:46:27
AQ808PM01,6,44,14,2023-02-19,15:45:52
AQ809PM01,20,13,46,2023-03-24,16:52:19
AQ810PM01,10,23,36,2023-05-25,14:19:21
AQ811PM01,19,38,51,2023-02-16,13:09:31
AQ801PM01,13,5,53,2023-04-02,10:16:39
AQ802PM01,43,64,43,2023-05-09,09:32:15
AQ803PM01,43,19,20,2023-05-09,17:19:42
AQ804PM01,5,28,6,2023-01-29,14:28:04
AQ805PM01,27,22,14,2023-03-05,18:59:38
AQ806PM01,20,36,5,2023-03-11,07:50:46
AQ807PM01,18,65,12,2023-01-07,08:44:58
AQ808PM01,36,54,10,2023-02-20,17:24:04
AQ809PM01,12,12,6,2023-05-09,09:45:36
AQ810PM01,23,12,20,2023-05-18,17:15:52
AQ811PM01,19,48,11,2023-03-29,11:51:28
AQ801PM01,18,58,53,2023-05-07,09:37:20
AQ802PM01,43,62,13,2023-02-05,17:12:49
AQ803PM01,17,22,29,2023-04-23,11:09:47
AQ804PM01,38,9,9,2023-05-24,08:04:13
AQ805PM01,38,38,35,2023-06-02,15:35:53
AQ806PM01,30,40,49,2023-01-30,17:24:24
AQ807PM01,23,32,43,2023-03-21,17:14:57
AQ808PM01,9,38,47,2023-03-10,16:22:45
AQ809PM01,30,29,10,2023-03-09,17:57:44
AQ810PM01,25,33,10,2023-04-07,18:51:07
AQ811PM01,26,32,16,2023-03-28,07:15:42
AQ801PM01,30,58,16,2023-04-24,15:54:40
AQ802PM01,16,42,35,2023-01-26,07:10:30
AQ803PM01,39,24,40,2023-02-08,11:32:45
AQ804PM01,34,15,24,2023-03-30,16:42:27
AQ805PM01,28,17,26,2023-04-13,09:17:52
AQ806PM01,43,52,36,2023-04-08,09:50:20
AQ807PM01,13,54,7,2023-03-31,14:36:32
AQ808PM01,23,31,45,2023-03-02,16:49:42
AQ809PM01,28,54,34,2023-03-19,08:06:50
AQ810PM01,39,47,36,2023-02-19,13:20:38
AQ811PM01,8,37,53,2023-02-21,08:57:00
AQ801PM01,17,37,52,2023-04-13,11:25:18
AQ802PM01,37,35,23,2023-03-24,07:38:08
AQ803PM01,24,45,48,2023-06-09,10:58:25
AQ804PM01,22,20,36,2023-01-16,17:27:47
AQ805PM01,38,63,38,2023-05-06,11:30:45
AQ806PM01,23,59,11,2023-04-29,14:13:26
AQ807PM01,25,36,45,2023-05-18,14:53:45
AQ808PM01,8,23,12,2023-03-02,10:14:10
AQ809PM01,21,35,44,2023-02-22,09:15:08
AQ810PM01,10,24,31,2023-04-13,07:15:29
AQ811PM01,12,59,33,2023-01-12,07:51:58
AQ801PM01,6,47,8,2023-03-23,13:01:54
AQ802PM01,13,36,27,2023-03-12,08:29:42
AQ803PM01,32,15,49,2023-05-29,09:27:53
AQ804PM01,38,10,35,2023-03-20,15:53:41
AQ805PM01,26,5,48,2023-04-23,18:07:57
AQ806PM01,19,34,40,2023-01-13,17:55:12
AQ807PM01,24,32,8,2023-02-06,18:53:57
AQ808PM01,36,5,12,2023-04-24,17:55:57
AQ809PM01,11,20,45,2023-03-14,15:32:02
AQ810PM01,23,38,49,2023-05-30,16:56:04
AQ811PM01,5,20,36,2023-04-10,12:40:21
AQ801PM01,42,17,51,2023-04-11,17:47:22
AQ802PM01,38,65,21,2023-01-07,16:42:44
AQ803PM01,27,15,23,2023-05-14,07:08:23
AQ804PM01,43,16,34,2023-01-26,15:57:48
AQ805PM01,6,28,40,2023-03-11,10:53:43
AQ806PM01,26,18,24,2023-04-07,16:02:02
AQ807PM01,23,12,26,2023-04-02,12:10:53
AQ808PM01,24,59,30,2023-05-30,13:20:38
AQ809PM01,35,19,37,2023-05-01,18:24:10
AQ810PM01,21,37,12,2023-03-09,12:43:19
AQ811PM01,33,13,8,2023-05-13,12:47:31
AQ801PM01,28,19,37,2023-05-09,14:46:28
AQ802PM01,27,5,45,2023-01-29,09:18:04
AQ803PM01,26,35,40,2023-02-18,08:03:19
AQ804PM01,14,9,47,2023-02-22,17:14:13
AQ805PM01,23,53,19,2023-03-19,09:18:05
AQ806PM01,7,33,39,2023-02-13,13:15:41
AQ807PM01,38,24,40,2023-01-25,09:00:31
AQ808PM01,38,33,26,2023-02-23,14:38:27
AQ809PM01,17,56,40,2023-06-11,09:41:25
AQ810PM01,28,54,29,2023-04-11,17:00:54
AQ811PM01,31,10,32,2023-03-14,18:19:54
AQ801PM01,23,10,48,2023-02-22,10:20:07
AQ802PM01,27,20,47,2023-03-12,12:16:57
AQ803PM01,14,24,14,2023-04-26,16:42:55
AQ804PM01,13,15,48,2023-01-29,18:48:14
AQ805PM01,23,47,9,2023-01-20,15:15:49
AQ806PM01,42,46,53,2023-06-03,10:32:00
AQ807PM01,29,54,28,2023-06-01,07:37:13
AQ808PM01,27,24,23,2023-03-29,14:21:04
AQ809PM01,14,51,45,2023-02-26,14:16:49
AQ810PM01,20,61,14,2023-05-08,09:05:58
AQ811PM01,15,16,10,2023-04-20,13:14:06
AQ801PM01,10,25,10,2023-05-15,13:57:31
AQ802PM01,15,61,19,2023-04-07,11:38:42
AQ803PM01,33,63,16,2023-06-01,09:14:52
AQ804PM01,15,46,19,2023-05-04,10:31:46
AQ805PM01,8,56,25,2023-05-02,17:49:56
AQ806PM01,30,6,32,2023-05-12,16:32:10
AQ807PM01,37,10,26,2023-02-13,17:15:33
AQ808PM01,16,45,41,2023-03-15,17:47:59
AQ809PM01,26,10,41,2023-01-17,08:05:43
AQ810PM01,17,24,25,2023-02-22,08:54:12
AQ811PM01,36,28,40,2023-02-05,12:31:59
AQ801PM01,32,13,32,2023-02-09,11:03:03
AQ802PM01,26,15,45,2023-05-18,08:17:38
AQ803PM01,19,24,23,2023-05-30,15:26:57
AQ804PM01,8,48,9,2023-03-12,12:45:52
AQ805PM01,9,13,24,2023-04-24,17:38:14
AQ806PM01,36,57,20,2023-05-23,09:55:04
AQ807PM01,27,43,5,2023-04-01,11:09:05
AQ808PM01,20,10,43,2023-03-25,14:38:01
AQ809PM01,7,53,46,2023-02-02,15:24:16
AQ810PM01,15,18,48,2023-01-31,18:58:35
AQ811PM01,13,7,21,2023-01-09,07:53:42
AQ801PM01,35,21,33,2023-03-11,08:01:08
AQ802PM01,40,12,22,2023-05-04,17:38:01
AQ803PM01,29,21,14,2023-02-21,14:29:32
AQ804PM01,31,57,28,2023-01-04,14:17:09
AQ805PM01,5,30,13,2023-03-19,09:18:53
AQ806PM01,19,18,20,2023-05-17,09:06:29
AQ807PM01,39,49,19,2023-04-22,08:15:35
AQ808PM01,17,57,52,2023-04-01,14:38:42
AQ809PM01,28,30,11,2023-06-07,07:28:15
AQ810PM01,6,12,43,2023-04-21,14:26:12
AQ811PM01,42,9,12,2023-01-11,08:16:03
AQ801PM01,9,61,51,2023-01-14,18:31:55
AQ802PM01,12,62,39,2023-03-07,12:16:51
AQ803PM01,13,43,51,2023-05-05,08:09:51
AQ804PM01,37,21,10,2023-01-13,09:58:05
AQ805PM01,32,49,48,2023-02-28,13:16:10
AQ806PM01,25,18,32,2023-01-04,09:39:43
AQ807PM01,21,26,18,2023-02-16,11:14:30
AQ808PM01,35,14,25,2023-03-27,08:04:25
AQ809PM01,30,23,33,2023-01-16,10:50:36
AQ810PM01,36,16,24,2023-05-31,10:47:50
AQ811PM01,38,61,27,2023-02-26,17:34:45
AQ801PM01,5,41,26,2023-03-05,17:32:33
AQ802PM01,18,38,20,2023-02-24,08:10:09
AQ803PM01,41,27,46,2023-03-21,14:40:48
AQ804PM01,39,60,20,2023-03-28,13:34:54
AQ805PM01,8,25,34,2023-02-04,08:35:46
AQ806PM01,30,38,30,2023-05-19,09:51:40
AQ807PM01,42,12,29,2023-02-18,15:56:36
AQ808PM01,13,27,44,2023-05-17,09:27:18
AQ809PM01,22,5,24,2023-03-23,18:47:58
AQ810PM01,38,59,26,2023-04-10,08:53:57
AQ811PM01,7,56,9,2023-01-02,13:06:02
AQ801PM01,34,36,52,2023-02-09,12:51:14
AQ802PM01,25,20,38,2023-03-12,10:22:43
AQ803PM01,40,32,19,2023-04-10,10:06:36
AQ804PM01,16,34,49,2023-04-01,08:46:42
AQ805PM01,7,48,22,2023-05-28,16:37:39
AQ806PM01,12,8,33,2023-01-27,12:18:31
AQ807PM01,27,42,28,2023-04-04,16:57:47
AQ808PM01,9,16,21,2023-01-20,11:21:47
AQ809PM01,20,56,47,2023-02-05,11:38:35
AQ810PM01,33,39,45,2023-02-28,07:53:44
AQ811PM01,15,17,7,2023-06-03,11:59:00
AQ801PM01,38,44,27,2023-05-04,17:28:45
AQ802PM01,11,60,9,2023-05-07,09:59:48
AQ803PM01,20,31,31,2023-03-29,07:30:56
AQ804PM01,29,52,24,2023-02-26,18:50:19
AQ805PM01,12,32,12,2023-03-22,18:52:31
AQ806PM01,7,5,10,2023-05-01,13:01:05
AQ807PM01,18,44,29,2023-05-29,08:04:31
AQ808PM01,32,55,5,2023-02-15,09:47:12
AQ809PM01,9,41,22,2023-04-07,15:58:50
AQ810PM01,34,25,40,2023-06-09,08:16:36
AQ811PM01,31,7,51,2023-05-06,09:32:32
AQ801PM01,43,21,34,2023-05-02,10:39:39
AQ802PM01,39,18,46,2023-02-07,09:52:27
AQ803PM01,14,12,31,2023-05-28,14:22:10
AQ804PM01,25,16,10,2023-01-27,13:45:52
AQ805PM01,9,16,24,2023-05-14,10:36:46
AQ806PM01,11,9,52,2023-01-24,12:06:44
AQ807PM01,42,56,53,2023-02-25,08:12:21
AQ808PM01,43,26,32,2023-04-04,14:48:27
AQ809PM01,25,27,15,2023-03-07,08:33:44
AQ810PM01,17,30,15,2023-05-25,15:10:42
AQ811PM01,5,46,28,2023-05-08,11:51:15
AQ801PM01,39,52,32,2023-02-07,14:40:01
AQ802PM01,15,57,16,2023-01-07,14:50:19
AQ803PM01,38,35,45,2023-02-26,07:39:01
AQ804PM01,19,25,50,2023-04-22,07:58:17
AQ805PM01,23,14,49,2023-03-08,17:53:01
AQ806PM01,40,25,26,2023-02-09,16:36:04
AQ807PM01,21,44,21,2023-03-11,12:36:05
AQ808PM01,39,15,45,2023-05-29,14:09:39
AQ809PM01,25,24,20,2023-04-08,12:24:48
AQ810PM01,41,39,45,2023-02-01,17:14:46
AQ811PM01,14,53,32,2023-04-18,16:26:59
AQ801PM01,33,48,22,2023-01-04,13:26:25
AQ802PM01,19,30,27,2023-03-02,08:45:41
AQ803PM01,17,8,33,2023-04-15,17:22:30
AQ804PM01,21,22,5,2023-03-09,14:02:25
AQ805PM01,11,55,11,2023-02-06,10:01:46
AQ806PM01,11,54,8,2023-03-04,12:53:09
AQ807PM01,16,14,31,2023-01-03,15:14:07
AQ808PM01,22,50,28,2023-02-26,16:33:44
AQ809PM01,39,10,5,2023-02-08,15:49:22
AQ810PM01,22,18,45,2023-05-11,11:19:49
AQ811PM01,41,51,21,2023-04-12,16:39:34
AQ801PM01,27,13,30,2023-04-24,13:21:03
AQ802PM01,7,65,22,2023-01-27,12:58:35
AQ803PM01,14,34,11,2023-04-24,07:47:54
AQ804PM01,26,24,37,2023-04-13,11:20:47
AQ805PM01,38,6,38,2023-03-11,07:08:07
AQ806PM01,26,34,8,2023-06-02,17:31:15
AQ807PM01,39,29,44,2023-03-15,10:46:10
AQ808PM01,18,22,23,2023-05-05,11:37:40
AQ809PM01,17,41,34,2023-05-12,15:40:21
AQ810PM01,20,53,52,2023-04-08,14:20:15
AQ811PM01,38,54,39,2023-03-20,13:52:23
AQ801PM01,27,24,35,2023-01-12,07:55:43
AQ802PM01,14,26,23,2023-01-13,10:54:06
AQ803PM01,43,34,16,2023-05-30,09:23:01
AQ804PM01,29,43,33,2023-05-27,11:44:44
AQ805PM01,5,17,33,2023-03-27,15:38:39
AQ806PM01,29,24,33,2023-05-08,07:29:20
AQ807PM01,24,21,47,2023-02-21,07:59:53
AQ808PM01,33,44,23,2023-01-12,16:10:00
AQ809PM01,42,65,17,2023-03-13,13:11:01
AQ810PM01,16,27,50,2023-03-04,12:54:27
AQ811PM01,18,46,23,2023-03-21,12:32:34
AQ801PM01,38,36,39,2023-03-29,12:01:34
AQ802PM01,22,8,5,2023-05-25,16:28:43
AQ803PM01,42,19,45,2023-01-10,14:23:33
AQ804PM01,33,25,16,2023-02-18,13:36:27
AQ805PM01,40,18,9,2023-05-25,10:14:02
AQ806PM01,34,15,24,2023-05-02,18:49:49
AQ807PM01,11,6,18,2023-05-28,18:54:54
AQ808PM01,34,28,45,2023-03-20,09:17:46
AQ809PM01,38,59,13,2023-05-24,15:20:44
AQ810PM01,15,24,21,2023-02-08,08:20:26
AQ811PM01,42,58,19,2023-06-04,09:30:38
AQ801PM01,39,14,47,2023-05-11,17:40:17
AQ802PM01,8,28,25,2023-05-05,16:11:50
AQ803PM01,14,40,52,2023-01-20,10:15:10
AQ804PM01,40,27,13,2023-03-03,16:16:52
AQ805PM01,14,34,10,2023-05-05,16:18:25
AQ806PM01,37,48,29,2023-03-08,14:26:16
AQ807PM01,28,58,25,2023-05-18,13:01:18
AQ808PM01,41,11,29,2023-02-09,12:39:58
AQ809PM01,42,26,50,2023-05-11,12:28:36
AQ810PM01,8,57,26,2023-01-12,16:16:51
AQ811PM01,10,47,21,2023-03-19,11:35:30
AQ801PM01,35,11,38,2023-04-13,16:18:30
AQ802PM01,27,60,47,2023-02-16,08:01:19
AQ803PM01,15,16,35,2023-01-29,13:22:24
AQ804PM01,37,31,53,2023-04-13,15:22:59
AQ805PM01,13,51,8,2023-03-01,15:08:14
AQ806PM01,12,7,30,2023-02-07,10:08:24
AQ807PM01,5,18,13,2023-04-11,11:22:15
AQ808PM01,34,16,51,2023-02-03,17:17:55
AQ809PM01,38,14,46,2023-02-27,11:34:39
AQ810PM01,10,28,18,2023-04-03,12:17:58
AQ811PM01,40,34,40,2023-03-28,08:26:02
AQ801PM01,24,41,33,2023-04-27,16:54:16
AQ802PM01,27,55,40,2023-04-01,18:23:36
AQ803PM01,13,27,6,2023-05-05,13:03:21
AQ804PM01,13,10,37,2023-04-07,18:45:30
AQ805PM01,31,58,16,2023-02-12,08:54:06
AQ806PM01,7,58,5,2023-04-03,11:37:06
AQ807PM01,12,6,37,2023-01-26,17:40:44
AQ808PM01,27,54,18,2023-01-13,08:28:06
AQ809PM01,40,20,47,2023-01-22,12:39:14
AQ810PM01,42,47,36,2023-03-08,16:00:11
AQ811PM01,41,13,18,2023-05-22,13:11:11
AQ801PM01,11,60,23,2023-05-07,18:45:47
AQ802PM01,23,43,15,2023-02-02,12:30:24
AQ803PM01,22,24,32,2023-05-22,15:16:15
AQ804PM01,37,45,19,2023-03-04,09:11:21
AQ805PM01,14,48,19,2023-04-11,12:18:28
AQ806PM01,29,41,14,2023-02-17,18:11:31
AQ807PM01,38,19,27,2023-03-14,12:52:13
AQ808PM01,35,23,31,2023-05-20,16:48:40
AQ809PM01,19,44,8,2023-05-18,14:56:12
AQ810PM01,37,23,32,2023-03-13,16:45:37
AQ811PM01,14,17,14,2023-02-17,07:04:09
AQ801PM01,25,46,21,2023-04-26,13:50:43
AQ802PM01,15,26,33,2023-01-25,07:51:44
AQ803PM01,29,34,13,2023-05-06,13:56:50
AQ804PM01,6,5,46,2023-01-08,18:05:05
AQ805PM01,37,57,25,2023-01-21,16:36:44
AQ806PM01,13,39,30,2023-03-30,18:26:22
AQ807PM01,10,57,20,2023-01-25,11:11:39
AQ808PM01,15,35,37,2023-03-20,15:11:08
AQ809PM01,18,39,22,2023-03-01,10:27:00
AQ810PM01,9,28,17,2023-06-10,10:30:30
AQ811PM01,11,48,44,2023-05-01,13:54:29
AQ801PM01,30,11,11,2023-03-27,07:41:09
AQ802PM01,9,49,8,2023-05-01,08:53:19
AQ803PM01,5,16,34,2023-05-30,09:31:41
AQ804PM01,19,64,28,2023-02-01,07:05:40
AQ805PM01,40,59,23,2023-04-27,10:27:59
AQ806PM01,36,14,18,2023-02-02,10:05:29
AQ807PM01,17,47,12,2023-05-21,17:49:27
AQ808PM01,43,59,15,2023-03-20,14:54:01
AQ809PM01,18,11,8,2023-04-22,18:26:52
AQ810PM01,16,7,48,2023-01-02,13:27:22
AQ811PM01,29,58,7,2023-05-16,17:31:10
AQ801PM01,15,20,31,2023-06-07,18:50:08
AQ802PM01,19,36,39,2023-01-23,16:53:27
AQ803PM01,43,36,47,2023-02-19,11:46:41
AQ804PM01,17,59,26,2023-01-22,13:40:17
AQ805PM01,15,7,33,2023-04-30,16:09:32
AQ806PM01,20,20,50,2023-03-22,10:04:24
AQ807PM01,28,5,25,2023-01-18,16:06:05
AQ808PM01,39,11,35,2023-02-08,12:18:35
AQ809PM01,32,45,38,2023-03-13,15:57:08
AQ810PM01,36,57,26,2023-05-15,16:38:19
AQ811PM01,12,13,15,2023-02-10,11:41:24
AQ801PM01,5,65,42,2023-06-06,11:05:54
AQ802PM01,31,28,32,2023-05-15,15:11:29
AQ803PM01,17,62,25,2023-02-20,09:27:56
AQ804PM01,43,37,26,2023-02-05,12:38:35
AQ805PM01,9,15,33,2023-04-23,08:22:30
AQ806PM01,12,21,31,2023-03-22,14:28:36
AQ807PM01,29,17,51,2023-01-02,18:27:12
AQ808PM01,22,43,21,2023-05-27,13:21:04
AQ809PM01,26,41,14,2023-04-25,17:45:17
AQ810PM01,28,64,11,2023-04-29,13:34:17
AQ811PM01,41,11,19,2023-03-01,14:58:36
AQ801PM01,26,44,21,2023-04-12,13:08:11
AQ802PM01,35,62,17,2023-06-09,17:51:43
AQ803PM01,27,42,21,2023-05-23,07:08:50
AQ804PM01,9,20,15,2023-06-07,10:05:22
AQ805PM01,23,28,24,2023-04-10,14:09:53
AQ806PM01,28,36,18,2023-02-15,11:41:29
AQ807PM01,35,18,33,2023-06-07,13:54:44
AQ808PM01,21,57,40,2023-06-02,07:03:11
AQ809PM01,10,22,36,2023-02-11,14:47:06
AQ810PM01,42,10,6,2023-01-27,08:20:47
AQ811PM01,10,39,51,2023-03-23,18:15:48
AQ801PM01,26,56,51,2023-04-04,11:29:20
AQ802PM01,7,8,34,2023-05-28,16:35:07
AQ803PM01,11,30,13,2023-04-08,10:41:14
AQ804PM01,38,40,42,2023-03-17,09:30:09
AQ805PM01,22,64,9,2023-04-01,18:20:02
AQ806PM01,36,47,52,2023-01-01,12:11:25
AQ807PM01,26,24,7,2023-05-14,08:41:21
AQ808PM01,16,26,52,2023-04-16,10:31:53
AQ809PM01,19,20,38,2023-05-22,13:17:42
AQ810PM01,16,32,33,2023-03-16,10:23:32
AQ811PM01,43,5,9,2023-06-06,09:12:35
AQ801PM01,9,15,25,2023-04-11,18:15:38
AQ802PM01,14,63,47,2023-06-10,16:31:58
AQ803PM01,42,44,15,2023-01-02,18:26:56
AQ804PM01,39,59,19,2023-04-16,12:08:11
AQ805PM01,8,15,48,2023-02-28,08:18:54
AQ806PM01,21,27,35,2023-05-03,18:51:10
AQ807PM01,25,7,25,2023-03-21,12:39:27
AQ808PM01,16,55,14,2023-04-13,08:13:36
AQ809PM01,25,65,15,2023-01-07,11:46:09
AQ810PM01,20,42,43,2023-03-23,14:45:35
AQ811PM01,30,16,39,2023-05-21,08:25:41
AQ801PM01,36,8,14,2023-05-27,11:58:32
AQ802PM01,14,32,9,2023-03-27,15:08:07
AQ803PM01,25,19,42,2023-06-07,18:31:51
AQ804PM01,34,44,42,2023-03-13,07:51:27
AQ805PM01,16,42,6,2023-03-02,15:54:24
AQ806PM01,33,24,10,2023-02-05,09:49:03
AQ807PM01,25,10,35,2023-05-23,15:45:25
AQ808PM01,37,44,13,2023-01-06,09:24:13
AQ809PM01,34,30,46,2023-01-23,08:05:50
AQ810PM01,23,61,38,2023-01-29,07:40:34
AQ811PM01,32,48,22,2023-05-01,10:18:57
AQ801PM01,19,21,14,2023-06-03,12:29:11
AQ802PM01,29,52,12,2023-01-22,14:55:32
AQ803PM01,5,34,48,2023-02-19,10:02:40
AQ804PM01,27,59,23,2023-01-14,10:50:10
AQ805PM01,16,26,41,2023-04-20,17:06:24
AQ806PM01,29,30,12,2023-02-08,14:53:21
AQ807PM01,24,56,42,2023-05-10,10:51:55
AQ808PM01,40,39,19,2023-03-23,17:22:53
AQ809PM01,32,19,31,2023-02-21,18:08:43
AQ810PM01,32,48,24,2023-05-24,16:16:21
AQ811PM01,13,64,8,2023-03-08,08:27:02
AQ801PM01,31,16,49,2023-03-16,07:21:00
AQ802PM01,25,50,29,2023-05-29,15:43:27
AQ803PM01,19,51,24,2023-03-27,16:27:07
AQ804PM01,42,7,32,2023-01-14,14:37:32
AQ805PM01,9,8,31,2023-03-27,08:29:27
AQ806PM01,32,29,35,2023-03-25,10:17:06
AQ807PM01,13,19,44,2023-05-06,12:00:16
AQ808PM01,25,61,42,2023-06-04,11:32:41
AQ809PM01,9,5,29,2023-02-02,16:00:35
AQ810PM01,11,6,27,2023-01-11,11:34:05
AQ811PM01,7,25,41,2023-02-01,17:45:54
AQ801PM01,28,53,26,2023-05-24,16:04:31
AQ802PM01,26,34,5,2023-04-18,13:26:43
AQ803PM01,19,52,7,2023-01-31,12:12:02
AQ804PM01,16,38,32,2023-03-04,10:24:54
AQ805PM01,36,5,41,2023-02-08,17:59:16
AQ806PM01,20,60,28,2023-04-21,09:50:16
AQ807PM01,19,52,24,2023-01-09,15:06:25
AQ808PM01,42,32,25,2023-05-13,14:01:50
AQ809PM01,5,65,17,2023-04-05,13:55:35
AQ810PM01,18,51,13,2023-03-03,11:01:42
AQ811PM01,26,61,40,2023-02-14,11:07:42
AQ801PM01,9,15,30,2023-01-18,18:28:00
AQ802PM01,22,15,38,2023-02-18,14:31:44
AQ803PM01,14,61,37,2023-02-12,14:37:54
AQ804PM01,36,22,36,2023-05-27,15:07:22
AQ805PM01,22,27,45,2023-06-09,16:15:03
AQ806PM01,11,19,48,2023-03-21,15:47:25
AQ807PM01,32,58,24,2023-03-25,08:40:29
AQ808PM01,11,33,42,2023-04-03,10:00:38
AQ809PM01,32,49,42,2023-04-30,16:42:07
AQ810PM01,21,39,20,2023-01-16,11:45:51
AQ811PM01,41,51,10,2023-02-19,14:34:33
AQ801PM01,24,56,49,2023-06-05,10:41:32
AQ802PM01,17,25,42,2023-01-15,18:25:54
AQ803PM01,9,51,47,2023-04-06,17:51:50
AQ804PM01,39,38,7,2023-01-05,14:52:35
AQ805PM01,31,54,11,2023-04-08,10:32:44
AQ806PM01,7,27,13,2023-05-07,14:52:05
AQ807PM01,13,46,11,2023-06-04,14:50:55
AQ808PM01,43,16,46,2023-03-05,07:28:52
AQ809PM01,11,55,34,2023-01-13,10:36:55
AQ810PM01,34,40,10,2023-03-02,10:32:16
AQ811PM01,39,41,22,2023-04-02,14:01:55
AQ801PM01,5,11,15,2023-05-30,07:53:37
AQ802PM01,40,52,16,2023-01-02,13:40:35
AQ803PM01,8,35,8,2023-04-17,08:43:13
AQ804PM01,39,44,29,2023-01-11,07:59:57
AQ805PM01,38,50,47,2023-05-17,16:38:07
AQ806PM01,20,12,23,2023-05-16,13:08:13
AQ807PM01,41,38,19,2023-04-24,08:48:50
AQ808PM01,5,36,15,2023-06-11,18:42:13
AQ809PM01,42,19,25,2023-04-01,08:43:58
AQ810PM01,29,17,53,2023-03-06,18:25:19
AQ811PM01,37,31,15,2023-02-05,17:18:39
AQ801PM01,27,50,37,2023-04-18,14:22:39
AQ802PM01,40,45,51,2023-05-08,18:50:00
AQ803PM01,39,17,7,2023-02-11,14:13:30
AQ804PM01,39,11,30,2023-04-21,18:40:27
AQ805PM01,20,33,14,2023-05-20,07:46:17
AQ806PM01,17,52,11,2023-04-02,08:27:05
AQ807PM01,10,44,44,2023-04-24,14:52:36
AQ808PM01,19,33,39,2023-02-13,09:59:57
AQ809PM01,17,37,23,2023-05-01,09:43:52
AQ810PM01,23,21,35,2023-01-23,14:35:16
AQ811PM01,13,29,48,2023-02-03,12:05:04
AQ801PM01,41,61,49,2023-05-17,09:35:52
AQ802PM01,37,64,19,2023-06-09,15:06:21
AQ803PM01,34,50,43,2023-04-25,08:29:12
AQ804PM01,18,56,25,2023-02-14,16:07:37
AQ805PM01,25,59,31,2023-02-11,15:48:43
AQ806PM01,13,6,52,2023-04-04,14:00:26
AQ807PM01,11,42,35,2023-05-19,09:50:48
AQ808PM01,6,25,36,2023-03-24,07:54:13
AQ809PM01,38,49,7,2023-01-20,16:00:22
AQ810PM01,13,7,43,2023-05-22,15:53:09
AQ811PM01,29,12,25,2023-06-04,14:21:55
AQ801PM01,39,52,5,2023-02-26,14:49:57
AQ802PM01,7,50,12,2023-03-09,18:16:14
AQ803PM01,19,9,42,2023-04-17,08:51:01
AQ804PM01,7,7,13,2023-01-20,16:23:58
AQ805PM01,30,61,47,2023-05-02,15:32:34
AQ806PM01,9,5,8,2023-03-10,15:35:49
AQ807PM01,26,44,10,2023-05-21,08:08:08
AQ808PM01,9,5,19,2023-05-11,09:12:03
AQ809PM01,31,8,12,2023-04-19,09:54:15
AQ810PM01,25,24,46,2023-03-22,11:00:14
AQ811PM01,38,33,21,2023-04-17,07:08:59
AQ801PM01,22,29,23,2023-04-01,16:35:11
AQ802PM01,18,9,16,2023-03-04,09:17:14
AQ803PM01,40,51,15,2023-03-27,15:01:18
AQ804PM01,14,22,51,2023-01-19,12:46:12
AQ805PM01,13,46,31,2023-05-24,12:14:25
AQ806PM01,39,14,12,2023-04-15,16:01:13
AQ807PM01,12,49,31,2023-01-31,15:07:54
AQ808PM01,17,52,20,2023-01-04,07:27:22
AQ809PM01,36,39,47,2023-04-25,11:31:41
AQ810PM01,24,9,48,2023-02-19,13:33:51
AQ811PM01,37,42,9,2023-05-23,17:06:20
AQ801PM01,31,25,52,2023-01-19,16:12:56
AQ802PM01,15,44,23,2023-05-17,17:29:53
AQ803PM01,31,8,42,2023-04-16,11:46:21
AQ804PM01,43,16,51,2023-01-12,10:09:18
AQ805PM01,18,47,19,2023-01-29,08:51:08
AQ806PM01,7,58,18,2023-04-18,08:10:56
AQ807PM01,43,63,10,2023-01-10,13:13:56
AQ808PM01,7,50,9,2023-01-01,08:05:52
AQ809PM01,34,29,23,2023-01-10,17:37:08
AQ810PM01,34,45,42,2023-03-07,14:08:30
AQ811PM01,19,25,52,2023-01-01,08:27:38
AQ801PM01,13,46,20,2023-03-03,07:24:50
AQ802PM01,34,64,38,2023-03-27,12:28:25
AQ803PM01,9,38,8,2023-03-26,14:21:03
AQ804PM01,32,8,41,2023-04-25,10:06:33
AQ805PM01,10,13,12,2023-06-10,14:31:22
AQ806PM01,22,37,10,2023-04-01,11:37:56
AQ807PM01,18,49,45,2023-01-30,17:43:00
AQ808PM01,38,63,12,2023-06-01,12:23:51
AQ809PM01,9,65,40,2023-01-27,10:48:48
AQ810PM01,17,14,48,2023-02-07,13:38:09
AQ811PM01,14,6,23,2023-02-24,10:48:48
